{"cameraMode":{"drawMode":0,"name":"Shaded","section":"Shading Mode"},"sceneLighting":true,"audioPlay":false,"sceneViewState":{"showFog":true,"showMaterialUpdate":false,"showSkybox":true,"showFlares":true,"showImageEffects":true,"showParticleSystems":true},"in2DMode":false,"pivot":{"x":1.5385608673095704,"y":-5.163214683532715,"z":32.71291732788086},"rotation":{"x":0.19981682300567628,"y":0.16982273757457734,"z":-0.0351981557905674,"w":0.9643785357475281},"size":31.45740509033203,"orthographic":false}