{"cameraMode":{"drawMode":0,"name":"Shaded","section":"Shading Mode"},"sceneLighting":true,"audioPlay":false,"sceneViewState":{"showFog":true,"showMaterialUpdate":false,"showSkybox":true,"showFlares":true,"showImageEffects":true,"showParticleSystems":true},"in2DMode":false,"pivot":{"x":33.0,"y":4.809999942779541,"z":36.15999984741211},"rotation":{"x":0.19981682300567628,"y":0.16982273757457734,"z":-0.0351981557905674,"w":0.9643785357475281},"size":72.48247528076172,"orthographic":false}